product_id,Image_path,title,sub_category,video
B00QERR5CY,B00QERR5CY.jpg,iXCC Multi pack Lightning cable,Chargers & Cables,B00QERR5CY.mp4
B00BUFBQWU,B00BUFBQWU.jpg,"iPod Touch 5 case,ULAKÂ® Hybrid Pink Hard Aztec Tribal Pattern + Blue Silicon Case Cover For Apple iPod Touch (Generation 5) +Screen Protector +Stylus",Phone Cases & Covers,B00BUFBQWU.mp4
B005S1CYO6,B005S1CYO6.jpg,Kindle Fire anti-glare Screen Protector,Screen Protectors,B005S1CYO6.mp4
B004XKZ1UC,B004XKZ1UC.jpg,"eForCity Leather Case for Barnes and Noble Nook / Nook Color, Black",Phone Cases & Covers,B004XKZ1UC.mp4
B004911E9M,B004911E9M.jpg,"Wall AC Charger USB Sync Data Cable for iPhone 4, 3GS, and iPod",Chargers & Cables,B004911E9M.mp4
B0042SNZNK,B0042SNZNK.jpg,Black Genuine Leather Case/Cover With Adjustable Stand For Kindle 3 (Keyboard),Phone Cases & Covers,B0042SNZNK.mp4
B00J46XO9U,B00J46XO9U.jpg,"iXCC Lightning Cable 3ft, iPhone charger, for iPhone X, 8, 8 Plus, 7, 7 Plus, 6s, 6s Plus, 6, 6 Plus, SE 5s 5c 5, iPad Air 2 Pro, iPad mini 2 3 4, iPad 4th Gen [Apple MFi Certified] (Black and White)",Chargers & Cables,B00J46XO9U.mp4
B004A83PE6,B004A83PE6.jpg,6-Pack Mirror Screen Protector for Apple iPod Touch 4th Gen,Screen Protectors,B004A83PE6.mp4
B003R5AYRE,B003R5AYRE.jpg,Importer520 5 Pack of Premium Reusable LCD Screen Protectors for Apple iPod Touch 2nd 3rd Gen Generation 32GB / 64GB,Screen Protectors,B003R5AYRE.mp4
